ID_T_EQUIP_LOG,SITE,SYS_ID,TRACK_ID,STATUS,RMK,CYCLE_COUNT,ACTION,CYCLE_TIME,REG_DTM
System.Byte[],KY1,E0FCA01000,228-011,CarrierDetect-0,Conveyor,,,,3/26/2025 11:23:06 AM
System.Byte[],KY1,E0FCA01000,228-101,CarrierDetect-1,Conveyor,,,,3/26/2025 11:23:44 AM
System.Byte[],KY1,E0FCA01000,228-102,CarrierDetect-0,Transfer,,,,3/26/2025 11:23:49 AM
System.Byte[],KY1,E0FCA01000,228-102,ShuttleIdle,Transfer,,,,3/26/2025 11:24:09 AM
System.Byte[],KY1,E0FCA01000,228-102,ShuttleActive,Transfer,,,,3/26/2025 11:24:10 AM
System.Byte[],KY1,E0FCA01000,228-102,CarrierDetect-1,Transfer,,,,3/26/2025 11:24:30 AM
System.Byte[],KY1,E0FCA01000,228-101,CarrierDetect-0,Conveyor,,,,3/26/2025 11:24:36 AM
System.Byte[],KY1,E0FCA01000,228-011,CarrierDetect-1,Conveyor,,,,3/26/2025 11:25:12 AM
System.Byte[],KY1,E0FCA01000,228-102,CarrierDetect-0,Transfer,,,,3/26/2025 11:25:17 AM
System.Byte[],KY1,E0FCA01000,228-102,ShuttleIdle,Transfer,1,IN,01:25,3/26/2025 11:25:35 AM
System.Byte[],KY1,E0FCA01000,228-102,ShuttleActive,Transfer,,,,3/26/2025 11:25:36 AM
System.Byte[],KY1,E0FCA01000,228-102,CarrierDetect-1,Transfer,,,,3/26/2025 11:25:54 AM
System.Byte[],KY1,E0FCA01000,228-011,CarrierDetect-0,Conveyor,,,,3/26/2025 11:25:58 AM
System.Byte[],KY1,E0FCA01000,228-101,CarrierDetect-1,Conveyor,,,,3/26/2025 11:26:36 AM
System.Byte[],KY1,E0FCA01000,228-102,CarrierDetect-0,Transfer,,,,3/26/2025 11:26:41 AM
System.Byte[],KY1,E0FCA01000,228-102,ShuttleIdle,Transfer,2,OUT,01:25,3/26/2025 11:27:01 AM
System.Byte[],KY1,E0FCA01000,228-102,ShuttleActive,Transfer,,,,3/26/2025 11:27:02 AM
System.Byte[],KY1,E0FCA01000,228-102,CarrierDetect-1,Transfer,,,,3/26/2025 11:27:21 AM
System.Byte[],KY1,E0FCA01000,228-101,CarrierDetect-0,Conveyor,,,,3/26/2025 11:27:28 AM
System.Byte[],KY1,E0FCA01000,228-011,CarrierDetect-1,Conveyor,,,,3/26/2025 11:28:03 AM
System.Byte[],KY1,E0FCA01000,228-102,CarrierDetect-0,Transfer,,,,3/26/2025 11:28:09 AM
System.Byte[],KY1,E0FCA01000,228-102,ShuttleIdle,Transfer,3,IN,01:25,3/26/2025 11:28:27 AM
System.Byte[],KY1,E0FCA01000,228-102,ShuttleActive,Transfer,,,,3/26/2025 11:28:28 AM
System.Byte[],KY1,E0FCA01000,228-102,CarrierDetect-1,Transfer,,,,3/26/2025 11:28:46 AM
System.Byte[],KY1,E0FCA01000,228-011,CarrierDetect-0,Conveyor,,,,3/26/2025 11:28:51 AM
System.Byte[],KY1,E0FCA01000,228-101,CarrierDetect-1,Conveyor,,,,3/26/2025 11:29:27 AM
System.Byte[],KY1,E0FCA01000,228-102,CarrierDetect-0,Transfer,,,,3/26/2025 11:29:33 AM
System.Byte[],KY1,E0FCA01000,228-102,ShuttleIdle,Transfer,4,OUT,01:25,3/26/2025 11:29:53 AM
System.Byte[],KY1,E0FCA01000,228-102,ShuttleActive,Transfer,,,,3/26/2025 11:29:54 AM
System.Byte[],KY1,E0FCA01000,228-102,CarrierDetect-1,Transfer,,,,3/26/2025 11:30:14 AM
System.Byte[],KY1,E0FCA01000,228-101,CarrierDetect-0,Conveyor,,,,3/26/2025 11:30:20 AM
System.Byte[],KY1,E0FCA01000,228-011,CarrierDetect-1,Conveyor,,,,3/26/2025 11:30:56 AM
System.Byte[],KY1,E0FCA01000,228-102,CarrierDetect-0,Transfer,,,,3/26/2025 11:31:01 AM
System.Byte[],KY1,E0FCA01000,228-102,ShuttleIdle,Transfer,5,IN,01:25,3/26/2025 11:31:19 AM
System.Byte[],KY1,E0FCA01000,228-102,ShuttleActive,Transfer,,,,3/26/2025 11:31:20 AM
System.Byte[],KY1,E0FCA01000,228-102,CarrierDetect-1,Transfer,,,,3/26/2025 11:31:38 AM
System.Byte[],KY1,E0FCA01000,228-011,CarrierDetect-0,Conveyor,,,,3/26/2025 11:31:42 AM
System.Byte[],KY1,E0FCA01000,228-101,CarrierDetect-1,Conveyor,,,,3/26/2025 11:32:19 AM
System.Byte[],KY1,E0FCA01000,228-102,CarrierDetect-0,Transfer,,,,3/26/2025 11:32:25 AM
System.Byte[],KY1,E0FCA01000,228-102,ShuttleIdle,Transfer,6,OUT,01:24,3/26/2025 11:32:44 AM
System.Byte[],KY1,E0FCA01000,228-102,ShuttleActive,Transfer,,,,3/26/2025 11:32:46 AM
System.Byte[],KY1,E0FCA01000,228-102,CarrierDetect-1,Transfer,,,,3/26/2025 11:33:06 AM
System.Byte[],KY1,E0FCA01000,228-101,CarrierDetect-0,Conveyor,,,,3/26/2025 11:33:12 AM
System.Byte[],KY1,E0FCA01000,228-011,CarrierDetect-1,Conveyor,,,,3/26/2025 11:33:48 AM
System.Byte[],KY1,E0FCA01000,228-102,CarrierDetect-0,Transfer,,,,3/26/2025 11:33:53 AM
System.Byte[],KY1,E0FCA01000,228-102,ShuttleIdle,Transfer,7,IN,01:25,3/26/2025 11:34:11 AM
System.Byte[],KY1,E0FCA01000,228-102,ShuttleActive,Transfer,,,,3/26/2025 11:34:12 AM
System.Byte[],KY1,E0FCA01000,228-102,CarrierDetect-1,Transfer,,,,3/26/2025 11:34:30 AM
System.Byte[],KY1,E0FCA01000,228-011,CarrierDetect-0,Conveyor,,,,3/26/2025 11:34:35 AM
System.Byte[],KY1,E0FCA01000,228-101,CarrierDetect-1,Conveyor,,,,3/26/2025 11:35:11 AM
System.Byte[],KY1,E0FCA01000,228-102,CarrierDetect-0,Transfer,,,,3/26/2025 11:35:17 AM
System.Byte[],KY1,E0FCA01000,228-102,ShuttleIdle,Transfer,8,OUT,01:25,3/26/2025 11:35:37 AM
System.Byte[],KY1,E0FCA01000,228-102,ShuttleActive,Transfer,,,,3/26/2025 11:35:38 AM
System.Byte[],KY1,E0FCA01000,228-102,CarrierDetect-1,Transfer,,,,3/26/2025 11:35:58 AM
System.Byte[],KY1,E0FCA01000,228-101,CarrierDetect-0,Conveyor,,,,3/26/2025 11:36:04 AM
System.Byte[],KY1,E0FCA01000,228-011,CarrierDetect-1,Conveyor,,,,3/26/2025 11:36:40 AM
System.Byte[],KY1,E0FCA01000,228-102,CarrierDetect-0,Transfer,,,,3/26/2025 11:36:45 AM
System.Byte[],KY1,E0FCA01000,228-102,ShuttleIdle,Transfer,9,IN,01:25,3/26/2025 11:37:03 AM
System.Byte[],KY1,E0FCA01000,228-102,ShuttleActive,Transfer,,,,3/26/2025 11:37:04 AM
System.Byte[],KY1,E0FCA01000,228-102,CarrierDetect-1,Transfer,,,,3/26/2025 11:37:22 AM
System.Byte[],KY1,E0FCA01000,228-011,CarrierDetect-0,Conveyor,,,,3/26/2025 11:37:26 AM
System.Byte[],KY1,E0FCA01000,228-101,CarrierDetect-1,Conveyor,,,,3/26/2025 11:38:04 AM
System.Byte[],KY1,E0FCA01000,228-102,CarrierDetect-0,Transfer,,,,3/26/2025 11:38:09 AM
System.Byte[],KY1,E0FCA01000,228-102,ShuttleIdle,Transfer,10,OUT,01:25,3/26/2025 11:38:29 AM
System.Byte[],KY1,E0FCA01000,228-102,ShuttleActive,Transfer,,,,3/26/2025 11:38:30 AM
System.Byte[],KY1,E0FCA01000,228-102,CarrierDetect-1,Transfer,,,,3/26/2025 11:38:50 AM
System.Byte[],KY1,E0FCA01000,228-101,CarrierDetect-0,Conveyor,,,,3/26/2025 11:38:56 AM
System.Byte[],KY1,E0FCA01000,228-011,CarrierDetect-1,Conveyor,,,,3/26/2025 11:39:32 AM
System.Byte[],KY1,E0FCA01000,228-102,CarrierDetect-0,Transfer,,,,3/26/2025 11:39:37 AM
System.Byte[],KY1,E0FCA01000,228-102,ShuttleIdle,Transfer,11,IN,01:25,3/26/2025 11:39:55 AM
System.Byte[],KY1,E0FCA01000,228-102,ShuttleActive,Transfer,,,,3/26/2025 11:39:56 AM
System.Byte[],KY1,E0FCA01000,228-102,CarrierDetect-1,Transfer,,,,3/26/2025 11:40:14 AM
System.Byte[],KY1,E0FCA01000,228-011,CarrierDetect-0,Conveyor,,,,3/26/2025 11:40:19 AM
System.Byte[],KY1,E0FCA01000,228-101,CarrierDetect-1,Conveyor,,,,3/26/2025 11:40:55 AM
System.Byte[],KY1,E0FCA01000,228-102,CarrierDetect-0,Transfer,,,,3/26/2025 11:41:01 AM
System.Byte[],KY1,E0FCA01000,228-102,ShuttleIdle,Transfer,12,OUT,01:25,3/26/2025 11:41:21 AM
System.Byte[],KY1,E0FCA01000,228-102,ShuttleActive,Transfer,,,,3/26/2025 11:41:22 AM
System.Byte[],KY1,E0FCA01000,228-102,CarrierDetect-1,Transfer,,,,3/26/2025 11:41:42 AM
System.Byte[],KY1,E0FCA01000,228-101,CarrierDetect-0,Conveyor,,,,3/26/2025 11:41:48 AM
System.Byte[],KY1,E0FCA01000,228-011,CarrierDetect-1,Conveyor,,,,3/26/2025 11:42:24 AM
System.Byte[],KY1,E0FCA01000,228-102,CarrierDetect-0,Transfer,,,,3/26/2025 11:42:29 AM
System.Byte[],KY1,E0FCA01000,228-102,ShuttleIdle,Transfer,13,IN,01:25,3/26/2025 11:42:47 AM
System.Byte[],KY1,E0FCA01000,228-102,ShuttleActive,Transfer,,,,3/26/2025 11:42:48 AM
System.Byte[],KY1,E0FCA01000,228-102,CarrierDetect-1,Transfer,,,,3/26/2025 11:43:06 AM
System.Byte[],KY1,E0FCA01000,228-011,CarrierDetect-0,Conveyor,,,,3/26/2025 11:43:11 AM
System.Byte[],KY1,E0FCA01000,228-101,CarrierDetect-1,Conveyor,,,,3/26/2025 11:43:48 AM
System.Byte[],KY1,E0FCA01000,228-102,CarrierDetect-0,Transfer,,,,3/26/2025 11:43:53 AM
System.Byte[],KY1,E0FCA01000,228-102,ShuttleIdle,Transfer,14,OUT,01:25,3/26/2025 11:44:13 AM
System.Byte[],KY1,E0FCA01000,228-102,ShuttleActive,Transfer,,,,3/26/2025 11:44:14 AM
System.Byte[],KY1,E0FCA01000,228-102,CarrierDetect-1,Transfer,,,,3/26/2025 11:44:34 AM
System.Byte[],KY1,E0FCA01000,228-101,CarrierDetect-0,Conveyor,,,,3/26/2025 11:44:40 AM
System.Byte[],KY1,E0FCA01000,228-011,CarrierDetect-1,Conveyor,,,,3/26/2025 11:45:16 AM
System.Byte[],KY1,E0FCA01000,228-102,CarrierDetect-0,Transfer,,,,3/26/2025 11:45:21 AM
System.Byte[],KY1,E0FCA01000,228-102,ShuttleIdle,Transfer,15,IN,01:25,3/26/2025 11:45:39 AM
System.Byte[],KY1,E0FCA01000,228-102,ShuttleActive,Transfer,,,,3/26/2025 11:45:40 AM
System.Byte[],KY1,E0FCA01000,228-102,CarrierDetect-1,Transfer,,,,3/26/2025 11:45:58 AM
System.Byte[],KY1,E0FCA01000,228-011,CarrierDetect-0,Conveyor,,,,3/26/2025 11:46:03 AM
System.Byte[],KY1,E0FCA01000,228-101,CarrierDetect-1,Conveyor,,,,3/26/2025 11:46:40 AM
System.Byte[],KY1,E0FCA01000,228-102,CarrierDetect-0,Transfer,,,,3/26/2025 11:46:45 AM
System.Byte[],KY1,E0FCA01000,228-102,ShuttleIdle,Transfer,16,OUT,01:25,3/26/2025 11:47:05 AM
System.Byte[],KY1,E0FCA01000,228-102,ShuttleActive,Transfer,,,,3/26/2025 11:47:06 AM
System.Byte[],KY1,E0FCA01000,228-102,CarrierDetect-1,Transfer,,,,3/26/2025 11:47:26 AM
System.Byte[],KY1,E0FCA01000,228-101,CarrierDetect-0,Conveyor,,,,3/26/2025 11:47:32 AM
System.Byte[],KY1,E0FCA01000,228-011,CarrierDetect-1,Conveyor,,,,3/26/2025 11:48:08 AM
System.Byte[],KY1,E0FCA01000,228-102,CarrierDetect-0,Transfer,,,,3/26/2025 11:48:12 AM
System.Byte[],KY1,E0FCA01000,228-102,ShuttleIdle,Transfer,17,IN,01:25,3/26/2025 11:48:31 AM
System.Byte[],KY1,E0FCA01000,228-102,ShuttleActive,Transfer,,,,3/26/2025 11:48:32 AM
System.Byte[],KY1,E0FCA01000,228-102,CarrierDetect-1,Transfer,,,,3/26/2025 11:48:50 AM
System.Byte[],KY1,E0FCA01000,228-011,CarrierDetect-0,Conveyor,,,,3/26/2025 11:48:55 AM
System.Byte[],KY1,E0FCA01000,228-102,CarrierDetect-0,Transfer,,,,3/26/2025 11:49:37 AM
System.Byte[],KY1,E0FCA01000,228-102,ShuttleIdle,Transfer,,,,3/26/2025 11:49:57 AM
System.Byte[],KY1,E0FCA01000,228-101,CarrierDetect-1,Conveyor,,,,3/26/2025 1:12:31 PM
System.Byte[],KY1,E0FCA01000,228-102,ShuttleActive,Transfer,,,,3/26/2025 1:12:59 PM
System.Byte[],KY1,E0FCA01000,228-102,CarrierDetect-1,Transfer,,,,3/26/2025 1:13:19 PM
System.Byte[],KY1,E0FCA01000,228-101,CarrierDetect-0,Conveyor,,,,3/26/2025 1:13:25 PM
System.Byte[],KY1,E0FCA01000,228-011,CarrierDetect-1,Conveyor,,,,3/26/2025 1:14:00 PM
System.Byte[],KY1,E0FCA01000,228-102,CarrierDetect-0,Transfer,,,,3/26/2025 1:14:05 PM
System.Byte[],KY1,E0FCA01000,228-102,ShuttleIdle,Transfer,18,IN,01:25,3/26/2025 1:14:24 PM
System.Byte[],KY1,E0FCA01000,228-102,ShuttleActive,Transfer,,,,3/26/2025 1:14:25 PM
System.Byte[],KY1,E0FCA01000,228-102,CarrierDetect-1,Transfer,,,,3/26/2025 1:14:43 PM
System.Byte[],KY1,E0FCA01000,228-011,CarrierDetect-0,Conveyor,,,,3/26/2025 1:14:47 PM
System.Byte[],KY1,E0FCA01000,228-101,CarrierDetect-1,Conveyor,,,,3/26/2025 1:15:24 PM
System.Byte[],KY1,E0FCA01000,228-102,CarrierDetect-0,Transfer,,,,3/26/2025 1:15:30 PM
System.Byte[],KY1,E0FCA01000,228-102,ShuttleIdle,Transfer,19,OUT,01:25,3/26/2025 1:15:50 PM
System.Byte[],KY1,E0FCA01000,228-102,ShuttleActive,Transfer,,,,3/26/2025 1:15:50 PM
System.Byte[],KY1,E0FCA01000,228-102,CarrierDetect-1,Transfer,,,,3/26/2025 1:16:10 PM
System.Byte[],KY1,E0FCA01000,228-101,CarrierDetect-0,Conveyor,,,,3/26/2025 1:16:17 PM
System.Byte[],KY1,E0FCA01000,228-011,CarrierDetect-1,Conveyor,,,,3/26/2025 1:16:52 PM
System.Byte[],KY1,E0FCA01000,228-102,CarrierDetect-0,Transfer,,,,3/26/2025 1:16:58 PM
System.Byte[],KY1,E0FCA01000,228-102,ShuttleIdle,Transfer,20,IN,01:25,3/26/2025 1:17:15 PM
System.Byte[],KY1,E0FCA01000,228-102,ShuttleActive,Transfer,,,,3/26/2025 1:17:17 PM
System.Byte[],KY1,E0FCA01000,228-102,CarrierDetect-1,Transfer,,,,3/26/2025 1:17:34 PM
System.Byte[],KY1,E0FCA01000,228-011,CarrierDetect-0,Conveyor,,,,3/26/2025 1:17:39 PM
System.Byte[],KY1,E0FCA01000,228-101,CarrierDetect-1,Conveyor,,,,3/26/2025 1:18:16 PM
System.Byte[],KY1,E0FCA01000,228-102,CarrierDetect-0,Transfer,,,,3/26/2025 1:18:21 PM
System.Byte[],KY1,E0FCA01000,228-102,ShuttleIdle,Transfer,21,OUT,01:24,3/26/2025 1:18:41 PM
System.Byte[],KY1,E0FCA01000,228-102,ShuttleActive,Transfer,,,,3/26/2025 1:18:42 PM
System.Byte[],KY1,E0FCA01000,228-102,CarrierDetect-1,Transfer,,,,3/26/2025 1:19:02 PM
System.Byte[],KY1,E0FCA01000,228-101,CarrierDetect-0,Conveyor,,,,3/26/2025 1:19:09 PM
System.Byte[],KY1,E0FCA01000,228-011,CarrierDetect-1,Conveyor,,,,3/26/2025 1:19:45 PM
System.Byte[],KY1,E0FCA01000,228-102,CarrierDetect-0,Transfer,,,,3/26/2025 1:19:50 PM
System.Byte[],KY1,E0FCA01000,228-102,ShuttleIdle,Transfer,22,IN,01:26,3/26/2025 1:20:08 PM
System.Byte[],KY1,E0FCA01000,228-102,ShuttleActive,Transfer,,,,3/26/2025 1:20:08 PM
System.Byte[],KY1,E0FCA01000,228-102,CarrierDetect-1,Transfer,,,,3/26/2025 1:20:26 PM
System.Byte[],KY1,E0FCA01000,228-011,CarrierDetect-0,Conveyor,,,,3/26/2025 1:20:31 PM
System.Byte[],KY1,E0FCA01000,228-101,CarrierDetect-1,Conveyor,,,,3/26/2025 1:21:08 PM
System.Byte[],KY1,E0FCA01000,228-102,CarrierDetect-0,Transfer,,,,3/26/2025 1:21:13 PM
System.Byte[],KY1,E0FCA01000,228-102,ShuttleIdle,Transfer,23,OUT,01:25,3/26/2025 1:21:33 PM
System.Byte[],KY1,E0FCA01000,228-102,ShuttleActive,Transfer,,,,3/26/2025 1:21:34 PM
System.Byte[],KY1,E0FCA01000,228-102,CarrierDetect-1,Transfer,,,,3/26/2025 1:21:55 PM
System.Byte[],KY1,E0FCA01000,228-101,CarrierDetect-0,Conveyor,,,,3/26/2025 1:22:01 PM
System.Byte[],KY1,E0FCA01000,228-011,CarrierDetect-1,Conveyor,,,,3/26/2025 1:22:36 PM
System.Byte[],KY1,E0FCA01000,228-102,CarrierDetect-0,Transfer,,,,3/26/2025 1:22:42 PM
System.Byte[],KY1,E0FCA01000,228-102,ShuttleIdle,Transfer,24,IN,01:25,3/26/2025 1:22:59 PM
System.Byte[],KY1,E0FCA01000,228-102,ShuttleActive,Transfer,,,,3/26/2025 1:23:00 PM
System.Byte[],KY1,E0FCA01000,228-102,CarrierDetect-1,Transfer,,,,3/26/2025 1:23:18 PM
System.Byte[],KY1,E0FCA01000,228-011,CarrierDetect-0,Conveyor,,,,3/26/2025 1:23:23 PM
System.Byte[],KY1,E0FCA01000,228-101,CarrierDetect-1,Conveyor,,,,3/26/2025 1:24:00 PM
System.Byte[],KY1,E0FCA01000,228-102,CarrierDetect-0,Transfer,,,,3/26/2025 1:24:06 PM
System.Byte[],KY1,E0FCA01000,228-102,ShuttleActive,Transfer,,,,3/26/2025 1:24:26 PM
System.Byte[],KY1,E0FCA01000,228-102,ShuttleIdle,Transfer,,,,3/26/2025 1:24:26 PM
System.Byte[],KY1,E0FCA01000,228-102,CarrierDetect-1,Transfer,,,,3/26/2025 1:24:46 PM
System.Byte[],KY1,E0FCA01000,228-101,CarrierDetect-0,Conveyor,,,,3/26/2025 1:24:53 PM
System.Byte[],KY1,E0FCA01000,228-011,CarrierDetect-1,Conveyor,,,,3/26/2025 1:25:28 PM
System.Byte[],KY1,E0FCA01000,228-102,CarrierDetect-0,Transfer,,,,3/26/2025 1:25:33 PM
System.Byte[],KY1,E0FCA01000,228-102,ShuttleIdle,Transfer,,,,3/26/2025 1:25:52 PM
System.Byte[],KY1,E0FCA01000,228-102,ShuttleActive,Transfer,,,,3/26/2025 1:25:52 PM
System.Byte[],KY1,E0FCA01000,228-102,CarrierDetect-1,Transfer,,,,3/26/2025 1:26:10 PM
System.Byte[],KY1,E0FCA01000,228-011,CarrierDetect-0,Conveyor,,,,3/26/2025 1:26:15 PM
System.Byte[],KY1,E0FCA01000,228-101,CarrierDetect-1,Conveyor,,,,3/26/2025 1:26:52 PM
System.Byte[],KY1,E0FCA01000,228-102,CarrierDetect-0,Transfer,,,,3/26/2025 1:26:57 PM
System.Byte[],KY1,E0FCA01000,228-102,ShuttleIdle,Transfer,25,OUT,01:26,3/26/2025 1:27:18 PM
System.Byte[],KY1,E0FCA01000,228-102,ShuttleActive,Transfer,,,,3/26/2025 1:27:18 PM
System.Byte[],KY1,E0FCA01000,228-102,CarrierDetect-1,Transfer,,,,3/26/2025 1:27:38 PM
System.Byte[],KY1,E0FCA01000,228-101,CarrierDetect-0,Conveyor,,,,3/26/2025 1:27:45 PM
System.Byte[],KY1,E0FCA01000,228-011,CarrierDetect-1,Conveyor,,,,3/26/2025 1:28:21 PM
System.Byte[],KY1,E0FCA01000,228-102,CarrierDetect-0,Transfer,,,,3/26/2025 1:28:25 PM
System.Byte[],KY1,E0FCA01000,228-102,ShuttleActive,Transfer,,,,3/26/2025 1:28:44 PM
System.Byte[],KY1,E0FCA01000,228-102,ShuttleIdle,Transfer,,,,3/26/2025 1:28:44 PM
System.Byte[],KY1,E0FCA01000,228-102,CarrierDetect-1,Transfer,,,,3/26/2025 1:29:02 PM
System.Byte[],KY1,E0FCA01000,228-011,CarrierDetect-0,Conveyor,,,,3/26/2025 1:29:07 PM
System.Byte[],KY1,E0FCA01000,228-101,CarrierDetect-1,Conveyor,,,,3/26/2025 1:29:44 PM
System.Byte[],KY1,E0FCA01000,228-102,CarrierDetect-0,Transfer,,,,3/26/2025 1:29:50 PM
System.Byte[],KY1,E0FCA01000,228-102,ShuttleIdle,Transfer,,,,3/26/2025 1:30:09 PM
System.Byte[],KY1,E0FCA01000,228-102,ShuttleActive,Transfer,,,,3/26/2025 1:30:10 PM
System.Byte[],KY1,E0FCA01000,228-102,CarrierDetect-1,Transfer,,,,3/26/2025 1:30:30 PM
System.Byte[],KY1,E0FCA01000,228-101,CarrierDetect-0,Conveyor,,,,3/26/2025 1:30:37 PM
System.Byte[],KY1,E0FCA01000,228-011,CarrierDetect-1,Conveyor,,,,3/26/2025 1:31:12 PM
System.Byte[],KY1,E0FCA01000,228-102,CarrierDetect-0,Transfer,,,,3/26/2025 1:31:18 PM
System.Byte[],KY1,E0FCA01000,228-102,ShuttleIdle,Transfer,26,IN,01:26,3/26/2025 1:31:36 PM
System.Byte[],KY1,E0FCA01000,228-102,ShuttleActive,Transfer,,,,3/26/2025 1:31:37 PM
System.Byte[],KY1,E0FCA01000,228-102,CarrierDetect-1,Transfer,,,,3/26/2025 1:31:54 PM
System.Byte[],KY1,E0FCA01000,228-011,CarrierDetect-0,Conveyor,,,,3/26/2025 1:31:59 PM
System.Byte[],KY1,E0FCA01000,228-101,CarrierDetect-1,Conveyor,,,,3/26/2025 1:32:36 PM
System.Byte[],KY1,E0FCA01000,228-102,CarrierDetect-0,Transfer,,,,3/26/2025 1:32:41 PM
System.Byte[],KY1,E0FCA01000,228-102,ShuttleIdle,Transfer,27,OUT,01:25,3/26/2025 1:33:02 PM
System.Byte[],KY1,E0FCA01000,228-102,ShuttleActive,Transfer,,,,3/26/2025 1:33:03 PM
System.Byte[],KY1,E0FCA01000,228-102,CarrierDetect-1,Transfer,,,,3/26/2025 1:33:22 PM
System.Byte[],KY1,E0FCA01000,228-101,CarrierDetect-0,Conveyor,,,,3/26/2025 1:33:29 PM
System.Byte[],KY1,E0FCA01000,228-011,CarrierDetect-1,Conveyor,,,,3/26/2025 1:34:04 PM
System.Byte[],KY1,E0FCA01000,228-102,CarrierDetect-0,Transfer,,,,3/26/2025 1:34:09 PM
System.Byte[],KY1,E0FCA01000,228-102,ShuttleIdle,Transfer,28,IN,01:25,3/26/2025 1:34:28 PM
System.Byte[],KY1,E0FCA01000,228-102,ShuttleActive,Transfer,,,,3/26/2025 1:34:29 PM
System.Byte[],KY1,E0FCA01000,228-102,CarrierDetect-1,Transfer,,,,3/26/2025 1:34:46 PM
System.Byte[],KY1,E0FCA01000,228-011,CarrierDetect-0,Conveyor,,,,3/26/2025 1:34:51 PM
System.Byte[],KY1,E0FCA01000,228-101,CarrierDetect-1,Conveyor,,,,3/26/2025 1:35:28 PM
System.Byte[],KY1,E0FCA01000,228-102,CarrierDetect-0,Transfer,,,,3/26/2025 1:35:34 PM
System.Byte[],KY1,E0FCA01000,228-102,ShuttleIdle,Transfer,29,OUT,01:25,3/26/2025 1:35:54 PM
System.Byte[],KY1,E0FCA01000,228-102,ShuttleActive,Transfer,,,,3/26/2025 1:35:55 PM
System.Byte[],KY1,E0FCA01000,228-102,CarrierDetect-1,Transfer,,,,3/26/2025 1:36:14 PM
System.Byte[],KY1,E0FCA01000,228-101,CarrierDetect-0,Conveyor,,,,3/26/2025 1:36:21 PM
System.Byte[],KY1,E0FCA01000,228-011,CarrierDetect-1,Conveyor,,,,3/26/2025 1:36:56 PM
System.Byte[],KY1,E0FCA01000,228-102,CarrierDetect-0,Transfer,,,,3/26/2025 1:37:01 PM
System.Byte[],KY1,E0FCA01000,228-102,ShuttleIdle,Transfer,30,IN,01:24,3/26/2025 1:37:19 PM
System.Byte[],KY1,E0FCA01000,228-102,ShuttleActive,Transfer,,,,3/26/2025 1:37:21 PM
System.Byte[],KY1,E0FCA01000,228-102,CarrierDetect-1,Transfer,,,,3/26/2025 1:37:39 PM
System.Byte[],KY1,E0FCA01000,228-011,CarrierDetect-0,Conveyor,,,,3/26/2025 1:37:43 PM
System.Byte[],KY1,E0FCA01000,228-101,CarrierDetect-1,Conveyor,,,,3/26/2025 1:38:21 PM
System.Byte[],KY1,E0FCA01000,228-102,CarrierDetect-0,Transfer,,,,3/26/2025 1:38:26 PM
System.Byte[],KY1,E0FCA01000,228-102,ShuttleIdle,Transfer,31,OUT,01:24,3/26/2025 1:38:45 PM
System.Byte[],KY1,E0FCA01000,228-102,ShuttleActive,Transfer,,,,3/26/2025 1:38:46 PM
System.Byte[],KY1,E0FCA01000,228-102,CarrierDetect-1,Transfer,,,,3/26/2025 1:39:07 PM
System.Byte[],KY1,E0FCA01000,228-101,CarrierDetect-0,Conveyor,,,,3/26/2025 1:39:13 PM
System.Byte[],KY1,E0FCA01000,228-011,CarrierDetect-1,Conveyor,,,,3/26/2025 1:39:48 PM
System.Byte[],KY1,E0FCA01000,228-102,CarrierDetect-0,Transfer,,,,3/26/2025 1:39:53 PM
System.Byte[],KY1,E0FCA01000,228-102,ShuttleIdle,Transfer,32,IN,01:25,3/26/2025 1:40:11 PM
System.Byte[],KY1,E0FCA01000,228-102,ShuttleActive,Transfer,,,,3/26/2025 1:40:13 PM
System.Byte[],KY1,E0FCA01000,228-102,CarrierDetect-1,Transfer,,,,3/26/2025 1:40:30 PM
System.Byte[],KY1,E0FCA01000,228-011,CarrierDetect-0,Conveyor,,,,3/26/2025 1:40:35 PM
System.Byte[],KY1,E0FCA01000,228-101,CarrierDetect-1,Conveyor,,,,3/26/2025 1:41:12 PM
System.Byte[],KY1,E0FCA01000,228-102,CarrierDetect-0,Transfer,,,,3/26/2025 1:41:17 PM
System.Byte[],KY1,E0FCA01000,228-102,ShuttleIdle,Transfer,33,OUT,01:24,3/26/2025 1:41:37 PM
System.Byte[],KY1,E0FCA01000,228-102,ShuttleActive,Transfer,,,,3/26/2025 1:41:38 PM
System.Byte[],KY1,E0FCA01000,228-102,CarrierDetect-1,Transfer,,,,3/26/2025 1:41:58 PM
System.Byte[],KY1,E0FCA01000,228-101,CarrierDetect-0,Conveyor,,,,3/26/2025 1:42:05 PM
System.Byte[],KY1,E0FCA01000,228-011,CarrierDetect-1,Conveyor,,,,3/26/2025 1:42:41 PM
System.Byte[],KY1,E0FCA01000,228-102,CarrierDetect-0,Transfer,,,,3/26/2025 1:42:45 PM
System.Byte[],KY1,E0FCA01000,228-102,ShuttleIdle,Transfer,34,IN,01:25,3/26/2025 1:43:03 PM
System.Byte[],KY1,E0FCA01000,228-102,ShuttleActive,Transfer,,,,3/26/2025 1:43:04 PM
System.Byte[],KY1,E0FCA01000,228-102,CarrierDetect-1,Transfer,,,,3/26/2025 1:43:23 PM
System.Byte[],KY1,E0FCA01000,228-011,CarrierDetect-0,Conveyor,,,,3/26/2025 1:43:27 PM
System.Byte[],KY1,E0FCA01000,228-101,CarrierDetect-1,Conveyor,,,,3/26/2025 1:44:04 PM
System.Byte[],KY1,E0FCA01000,228-102,CarrierDetect-0,Transfer,,,,3/26/2025 1:44:09 PM
System.Byte[],KY1,E0FCA01000,228-102,ShuttleIdle,Transfer,35,OUT,01:25,3/26/2025 1:44:29 PM
System.Byte[],KY1,E0FCA01000,228-102,ShuttleActive,Transfer,,,,3/26/2025 1:44:30 PM
System.Byte[],KY1,E0FCA01000,228-102,CarrierDetect-1,Transfer,,,,3/26/2025 1:44:51 PM
System.Byte[],KY1,E0FCA01000,228-101,CarrierDetect-0,Conveyor,,,,3/26/2025 1:44:57 PM
System.Byte[],KY1,E0FCA01000,228-011,CarrierDetect-1,Conveyor,,,,3/26/2025 1:45:33 PM
System.Byte[],KY1,E0FCA01000,228-102,CarrierDetect-0,Transfer,,,,3/26/2025 1:45:37 PM
System.Byte[],KY1,E0FCA01000,228-102,ShuttleIdle,Transfer,36,IN,01:25,3/26/2025 1:45:55 PM
System.Byte[],KY1,E0FCA01000,228-102,ShuttleActive,Transfer,,,,3/26/2025 1:45:56 PM
System.Byte[],KY1,E0FCA01000,228-102,CarrierDetect-1,Transfer,,,,3/26/2025 1:46:14 PM
System.Byte[],KY1,E0FCA01000,228-011,CarrierDetect-0,Conveyor,,,,3/26/2025 1:46:19 PM
System.Byte[],KY1,E0FCA01000,228-101,CarrierDetect-1,Conveyor,,,,3/26/2025 1:46:56 PM
System.Byte[],KY1,E0FCA01000,228-102,CarrierDetect-0,Transfer,,,,3/26/2025 1:47:01 PM
System.Byte[],KY1,E0FCA01000,228-102,ShuttleActive,Transfer,,,,3/26/2025 1:47:22 PM
System.Byte[],KY1,E0FCA01000,228-102,ShuttleIdle,Transfer,,,,3/26/2025 1:47:22 PM
System.Byte[],KY1,E0FCA01000,228-102,CarrierDetect-1,Transfer,,,,3/26/2025 1:47:42 PM
System.Byte[],KY1,E0FCA01000,228-101,CarrierDetect-0,Conveyor,,,,3/26/2025 1:47:49 PM
System.Byte[],KY1,E0FCA01000,228-011,CarrierDetect-1,Conveyor,,,,3/26/2025 1:48:24 PM
System.Byte[],KY1,E0FCA01000,228-102,CarrierDetect-0,Transfer,,,,3/26/2025 1:48:30 PM
System.Byte[],KY1,E0FCA01000,228-102,ShuttleIdle,Transfer,,,,3/26/2025 1:48:47 PM
System.Byte[],KY1,E0FCA01000,228-102,ShuttleActive,Transfer,,,,3/26/2025 1:48:49 PM
System.Byte[],KY1,E0FCA01000,228-102,CarrierDetect-1,Transfer,,,,3/26/2025 1:49:07 PM
System.Byte[],KY1,E0FCA01000,228-011,CarrierDetect-0,Conveyor,,,,3/26/2025 1:49:11 PM
System.Byte[],KY1,E0FCA01000,228-101,CarrierDetect-1,Conveyor,,,,3/26/2025 1:49:49 PM
System.Byte[],KY1,E0FCA01000,228-101,CarrierDetect-0,Conveyor,,,,3/26/2025 1:49:51 PM
System.Byte[],KY1,E0FCA01000,228-102,CarrierDetect-0,Transfer,,,,3/26/2025 1:49:53 PM
System.Byte[],KY1,E0FCA01000,228-102,ShuttleIdle,Transfer,,,,3/26/2025 1:50:13 PM
System.Byte[],KY1,E0FCA01000,228-101,CarrierDetect-0,Conveyor,,,,3/26/2025 2:48:00 PM
System.Byte[],KY1,E0FCA01000,228-101,CarrierDetect-1,Conveyor,,,,3/26/2025 2:48:00 PM
System.Byte[],KY1,E0FCA01000,228-101,CarrierDetect-1,Conveyor,,,,3/26/2025 2:48:02 PM
System.Byte[],KY1,E0FCA01000,228-101,CarrierDetect-0,Conveyor,,,,3/26/2025 2:48:04 PM
System.Byte[],KY1,E0FCA01000,228-101,CarrierDetect-1,Conveyor,,,,3/26/2025 2:48:04 PM
System.Byte[],KY1,E0FCA01000,228-101,CarrierDetect-0,Conveyor,,,,3/26/2025 2:48:05 PM
System.Byte[],KY1,E0FCA01000,228-101,CarrierDetect-1,Conveyor,,,,3/26/2025 2:48:12 PM
System.Byte[],KY1,E0FCA01000,228-101,CarrierDetect-0,Conveyor,,,,3/26/2025 2:48:12 PM
System.Byte[],KY1,E0FCA01000,228-101,CarrierDetect-1,Conveyor,,,,3/26/2025 2:48:14 PM
System.Byte[],KY1,E0FCA01000,228-101,CarrierDetect-0,Conveyor,,,,3/26/2025 2:48:15 PM
System.Byte[],KY1,E0FCA01000,228-101,CarrierDetect-1,Conveyor,,,,3/26/2025 2:48:16 PM
System.Byte[],KY1,E0FCA01000,228-101,CarrierDetect-0,Conveyor,,,,3/26/2025 2:48:17 PM
System.Byte[],KY1,E0FCA01000,228-101,CarrierDetect-1,Conveyor,,,,3/26/2025 2:48:20 PM
System.Byte[],KY1,E0FCA01000,228-101,CarrierDetect-0,Conveyor,,,,3/26/2025 2:48:21 PM
System.Byte[],KY1,E0FCA01000,228-101,CarrierDetect-0,Conveyor,,,,3/26/2025 2:48:22 PM
System.Byte[],KY1,E0FCA01000,228-101,CarrierDetect-1,Conveyor,,,,3/26/2025 2:48:22 PM
System.Byte[],KY1,E0FCA01000,228-101,CarrierDetect-1,Conveyor,,,,3/26/2025 2:48:27 PM
System.Byte[],KY1,E0FCA01000,228-101,CarrierDetect-1,Conveyor,,,,3/26/2025 2:48:28 PM
System.Byte[],KY1,E0FCA01000,228-101,CarrierDetect-0,Conveyor,,,,3/26/2025 2:48:28 PM
System.Byte[],KY1,E0FCA01000,228-101,CarrierDetect-0,Conveyor,,,,3/26/2025 2:48:30 PM
System.Byte[],KY1,E0FCA01000,228-101,CarrierDetect-1,Conveyor,,,,3/26/2025 2:48:31 PM
System.Byte[],KY1,E0FCA01000,228-101,CarrierDetect-0,Conveyor,,,,3/26/2025 2:48:32 PM
System.Byte[],KY1,E0FCA01000,228-101,CarrierDetect-1,Conveyor,,,,3/26/2025 2:48:36 PM
System.Byte[],KY1,E0FCA01000,228-101,CarrierDetect-0,Conveyor,,,,3/26/2025 2:48:38 PM
System.Byte[],KY1,E0FCA01000,228-101,CarrierDetect-1,Conveyor,,,,3/26/2025 2:48:39 PM
System.Byte[],KY1,E0FCA01000,228-101,CarrierDetect-0,Conveyor,,,,3/26/2025 2:48:42 PM
System.Byte[],KY1,E0FCA01000,228-101,CarrierDetect-1,Conveyor,,,,3/26/2025 2:48:52 PM
System.Byte[],KY1,E0FCA01000,228-101,CarrierDetect-1,Conveyor,,,,3/26/2025 2:48:53 PM
System.Byte[],KY1,E0FCA01000,228-101,CarrierDetect-0,Conveyor,,,,3/26/2025 2:48:53 PM
System.Byte[],KY1,E0FCA01000,228-101,CarrierDetect-0,Conveyor,,,,3/26/2025 2:48:55 PM
System.Byte[],KY1,E0FCA01000,228-101,CarrierDetect-1,Conveyor,,,,3/26/2025 2:49:02 PM
System.Byte[],KY1,E0FCA01000,228-102,ShuttleActive,Transfer,,,,3/26/2025 2:49:29 PM
System.Byte[],KY1,E0FCA01000,228-102,CarrierDetect-1,Transfer,,,,3/26/2025 2:49:49 PM
System.Byte[],KY1,E0FCA01000,228-101,CarrierDetect-0,Conveyor,,,,3/26/2025 2:49:55 PM
System.Byte[],KY1,E0FCA01000,228-011,CarrierDetect-1,Conveyor,,,,3/26/2025 2:50:31 PM
System.Byte[],KY1,E0FCA01000,228-102,CarrierDetect-0,Transfer,,,,3/26/2025 2:50:37 PM
System.Byte[],KY1,E0FCA01000,228-102,ShuttleIdle,Transfer,37,IN,01:25,3/26/2025 2:50:54 PM
System.Byte[],KY1,E0FCA01000,228-102,ShuttleActive,Transfer,,,,3/26/2025 2:50:55 PM
System.Byte[],KY1,E0FCA01000,228-102,CarrierDetect-1,Transfer,,,,3/26/2025 2:51:13 PM
System.Byte[],KY1,E0FCA01000,228-011,CarrierDetect-0,Conveyor,,,,3/26/2025 2:51:18 PM
System.Byte[],KY1,E0FCA01000,228-101,CarrierDetect-1,Conveyor,,,,3/26/2025 2:51:55 PM
System.Byte[],KY1,E0FCA01000,228-102,CarrierDetect-0,Transfer,,,,3/26/2025 2:52:00 PM
System.Byte[],KY1,E0FCA01000,228-102,ShuttleIdle,Transfer,38,OUT,01:25,3/26/2025 2:52:20 PM
System.Byte[],KY1,E0FCA01000,228-102,ShuttleActive,Transfer,,,,3/26/2025 2:52:21 PM
System.Byte[],KY1,E0FCA01000,228-102,CarrierDetect-1,Transfer,,,,3/26/2025 2:52:41 PM
System.Byte[],KY1,E0FCA01000,228-101,CarrierDetect-0,Conveyor,,,,3/26/2025 2:52:47 PM
System.Byte[],KY1,E0FCA01000,228-011,CarrierDetect-1,Conveyor,,,,3/26/2025 2:53:23 PM
System.Byte[],KY1,E0FCA01000,228-102,CarrierDetect-0,Transfer,,,,3/26/2025 2:53:28 PM
System.Byte[],KY1,E0FCA01000,228-102,ShuttleIdle,Transfer,39,IN,01:25,3/26/2025 2:53:46 PM
System.Byte[],KY1,E0FCA01000,228-102,ShuttleActive,Transfer,,,,3/26/2025 2:53:47 PM
System.Byte[],KY1,E0FCA01000,228-102,CarrierDetect-1,Transfer,,,,3/26/2025 2:54:05 PM
System.Byte[],KY1,E0FCA01000,228-011,CarrierDetect-0,Conveyor,,,,3/26/2025 2:54:09 PM
System.Byte[],KY1,E0FCA01000,228-101,CarrierDetect-1,Conveyor,,,,3/26/2025 2:54:46 PM
System.Byte[],KY1,E0FCA01000,228-102,CarrierDetect-0,Transfer,,,,3/26/2025 2:54:52 PM
System.Byte[],KY1,E0FCA01000,228-102,ShuttleIdle,Transfer,40,OUT,01:25,3/26/2025 2:55:12 PM
System.Byte[],KY1,E0FCA01000,228-102,ShuttleActive,Transfer,,,,3/26/2025 2:55:13 PM
System.Byte[],KY1,E0FCA01000,228-102,CarrierDetect-1,Transfer,,,,3/26/2025 2:55:33 PM
System.Byte[],KY1,E0FCA01000,228-101,CarrierDetect-0,Conveyor,,,,3/26/2025 2:55:39 PM
System.Byte[],KY1,E0FCA01000,228-011,CarrierDetect-1,Conveyor,,,,3/26/2025 2:56:15 PM
System.Byte[],KY1,E0FCA01000,228-102,CarrierDetect-0,Transfer,,,,3/26/2025 2:56:20 PM
System.Byte[],KY1,E0FCA01000,228-102,ShuttleIdle,Transfer,41,IN,01:25,3/26/2025 2:56:38 PM
System.Byte[],KY1,E0FCA01000,228-102,ShuttleActive,Transfer,,,,3/26/2025 2:56:39 PM
System.Byte[],KY1,E0FCA01000,228-102,CarrierDetect-1,Transfer,,,,3/26/2025 2:56:57 PM
System.Byte[],KY1,E0FCA01000,228-011,CarrierDetect-0,Conveyor,,,,3/26/2025 2:57:02 PM
System.Byte[],KY1,E0FCA01000,228-101,CarrierDetect-1,Conveyor,,,,3/26/2025 2:57:38 PM
System.Byte[],KY1,E0FCA01000,228-102,CarrierDetect-0,Transfer,,,,3/26/2025 2:57:44 PM
System.Byte[],KY1,E0FCA01000,228-102,ShuttleIdle,Transfer,42,OUT,01:25,3/26/2025 2:58:04 PM
System.Byte[],KY1,E0FCA01000,228-102,ShuttleActive,Transfer,,,,3/26/2025 2:58:05 PM
System.Byte[],KY1,E0FCA01000,228-102,CarrierDetect-1,Transfer,,,,3/26/2025 2:58:25 PM
System.Byte[],KY1,E0FCA01000,228-101,CarrierDetect-0,Conveyor,,,,3/26/2025 2:58:30 PM
System.Byte[],KY1,E0FCA01000,228-011,CarrierDetect-1,Conveyor,,,,3/26/2025 2:59:07 PM
System.Byte[],KY1,E0FCA01000,228-102,CarrierDetect-0,Transfer,,,,3/26/2025 2:59:12 PM
System.Byte[],KY1,E0FCA01000,228-102,ShuttleIdle,Transfer,43,IN,01:25,3/26/2025 2:59:30 PM
System.Byte[],KY1,E0FCA01000,228-102,ShuttleActive,Transfer,,,,3/26/2025 2:59:31 PM
System.Byte[],KY1,E0FCA01000,228-102,CarrierDetect-1,Transfer,,,,3/26/2025 2:59:49 PM
System.Byte[],KY1,E0FCA01000,228-011,CarrierDetect-0,Conveyor,,,,3/26/2025 2:59:54 PM
System.Byte[],KY1,E0FCA01000,228-102,CarrierDetect-0,Transfer,,,,3/26/2025 3:00:36 PM
System.Byte[],KY1,E0FCA01000,228-102,ShuttleIdle,Transfer,,,,3/26/2025 3:00:56 PM
System.Byte[],KY1,E0FCA01000,228-101,CarrierDetect-0,Conveyor,,,,3/27/2025 8:21:10 AM
System.Byte[],KY1,E0FCA01000,228-101,CarrierDetect-1,Conveyor,,,,3/27/2025 8:21:10 AM
System.Byte[],KY1,E0FCA01000,228-101,CarrierDetect-1,Conveyor,,,,3/27/2025 8:21:11 AM
System.Byte[],KY1,E0FCA01000,228-101,CarrierDetect-0,Conveyor,,,,3/27/2025 8:21:15 AM
System.Byte[],KY1,E0FCA01000,228-101,CarrierDetect-1,Conveyor,,,,3/27/2025 8:21:52 AM
System.Byte[],KY1,E0FCA01000,228-101,CarrierDetect-0,Conveyor,,,,3/27/2025 8:21:52 AM
System.Byte[],KY1,E0FCA01000,228-101,CarrierDetect-1,Conveyor,,,,3/27/2025 8:21:53 AM
System.Byte[],KY1,E0FCA01000,228-101,CarrierDetect-0,Conveyor,,,,3/27/2025 8:21:55 AM
System.Byte[],KY1,E0FCA01000,228-101,CarrierDetect-1,Conveyor,,,,3/27/2025 8:21:55 AM
System.Byte[],KY1,E0FCA01000,228-101,CarrierDetect-0,Conveyor,,,,3/27/2025 8:22:01 AM
System.Byte[],KY1,E0FCA01000,228-101,CarrierDetect-1,Conveyor,,,,3/27/2025 8:22:02 AM
System.Byte[],KY1,E0FCA01000,228-101,CarrierDetect-0,Conveyor,,,,3/27/2025 8:22:03 AM
System.Byte[],KY1,E0FCA01000,228-101,CarrierDetect-1,Conveyor,,,,3/27/2025 8:22:03 AM
System.Byte[],KY1,E0FCA01000,228-102,ShuttleActive,Transfer,,,,3/27/2025 8:23:47 AM
System.Byte[],KY1,E0FCA01000,228-102,CarrierDetect-1,Transfer,,,,3/27/2025 8:24:07 AM
System.Byte[],KY1,E0FCA01000,228-101,CarrierDetect-0,Conveyor,,,,3/27/2025 8:24:11 AM
System.Byte[],KY1,E0FCA01000,228-011,CarrierDetect-1,Conveyor,,,,3/27/2025 8:24:50 AM
System.Byte[],KY1,E0FCA01000,228-102,CarrierDetect-0,Transfer,,,,3/27/2025 8:24:54 AM
System.Byte[],KY1,E0FCA01000,228-102,ShuttleIdle,Transfer,44,IN,01:25,3/27/2025 8:25:12 AM
System.Byte[],KY1,E0FCA01000,228-102,ShuttleActive,Transfer,,,,3/27/2025 8:25:13 AM
System.Byte[],KY1,E0FCA01000,228-102,CarrierDetect-1,Transfer,,,,3/27/2025 8:25:31 AM
System.Byte[],KY1,E0FCA01000,228-011,CarrierDetect-0,Conveyor,,,,3/27/2025 8:25:36 AM
System.Byte[],KY1,E0FCA01000,228-101,CarrierDetect-1,Conveyor,,,,3/27/2025 8:26:16 AM
System.Byte[],KY1,E0FCA01000,228-102,CarrierDetect-0,Transfer,,,,3/27/2025 8:26:18 AM
System.Byte[],KY1,E0FCA01000,228-102,ShuttleIdle,Transfer,45,OUT,01:25,3/27/2025 8:26:38 AM
System.Byte[],KY1,E0FCA01000,228-102,ShuttleActive,Transfer,,,,3/27/2025 8:26:39 AM
System.Byte[],KY1,E0FCA01000,228-102,CarrierDetect-1,Transfer,,,,3/27/2025 8:26:59 AM
System.Byte[],KY1,E0FCA01000,228-101,CarrierDetect-0,Conveyor,,,,3/27/2025 8:27:03 AM
System.Byte[],KY1,E0FCA01000,228-011,CarrierDetect-1,Conveyor,,,,3/27/2025 8:27:41 AM
System.Byte[],KY1,E0FCA01000,228-102,CarrierDetect-0,Transfer,,,,3/27/2025 8:27:46 AM
System.Byte[],KY1,E0FCA01000,228-102,ShuttleActive,Transfer,,,,3/27/2025 8:28:05 AM
System.Byte[],KY1,E0FCA01000,228-102,ShuttleIdle,Transfer,,,,3/27/2025 8:28:05 AM
System.Byte[],KY1,E0FCA01000,228-102,CarrierDetect-1,Transfer,,,,3/27/2025 8:28:23 AM
System.Byte[],KY1,E0FCA01000,228-011,CarrierDetect-0,Conveyor,,,,3/27/2025 8:28:28 AM
System.Byte[],KY1,E0FCA01000,228-101,CarrierDetect-1,Conveyor,,,,3/27/2025 8:29:07 AM
System.Byte[],KY1,E0FCA01000,228-102,CarrierDetect-0,Transfer,,,,3/27/2025 8:29:10 AM
System.Byte[],KY1,E0FCA01000,228-102,ShuttleIdle,Transfer,,,,3/27/2025 8:29:30 AM
System.Byte[],KY1,E0FCA01000,228-102,ShuttleActive,Transfer,,,,3/27/2025 8:29:31 AM
System.Byte[],KY1,E0FCA01000,228-102,CarrierDetect-1,Transfer,,,,3/27/2025 8:29:52 AM
System.Byte[],KY1,E0FCA01000,228-101,CarrierDetect-0,Conveyor,,,,3/27/2025 8:29:55 AM
System.Byte[],KY1,E0FCA01000,228-011,CarrierDetect-1,Conveyor,,,,3/27/2025 8:30:33 AM
System.Byte[],KY1,E0FCA01000,228-102,CarrierDetect-0,Transfer,,,,3/27/2025 8:30:39 AM
System.Byte[],KY1,E0FCA01000,228-102,ShuttleIdle,Transfer,46,IN,01:25,3/27/2025 8:30:56 AM
System.Byte[],KY1,E0FCA01000,228-102,ShuttleActive,Transfer,,,,3/27/2025 8:30:57 AM
System.Byte[],KY1,E0FCA01000,228-102,CarrierDetect-1,Transfer,,,,3/27/2025 8:31:15 AM
System.Byte[],KY1,E0FCA01000,228-011,CarrierDetect-0,Conveyor,,,,3/27/2025 8:31:20 AM
System.Byte[],KY1,E0FCA01000,228-101,CarrierDetect-1,Conveyor,,,,3/27/2025 8:32:00 AM
System.Byte[],KY1,E0FCA01000,228-102,CarrierDetect-0,Transfer,,,,3/27/2025 8:32:02 AM
System.Byte[],KY1,E0FCA01000,228-102,ShuttleIdle,Transfer,47,OUT,01:25,3/27/2025 8:32:22 AM
System.Byte[],KY1,E0FCA01000,228-102,ShuttleActive,Transfer,,,,3/27/2025 8:32:23 AM
System.Byte[],KY1,E0FCA01000,228-102,CarrierDetect-1,Transfer,,,,3/27/2025 8:32:43 AM
System.Byte[],KY1,E0FCA01000,228-101,CarrierDetect-0,Conveyor,,,,3/27/2025 8:32:47 AM
System.Byte[],KY1,E0FCA01000,228-011,CarrierDetect-1,Conveyor,,,,3/27/2025 8:33:25 AM
System.Byte[],KY1,E0FCA01000,228-102,CarrierDetect-0,Transfer,,,,3/27/2025 8:33:30 AM
System.Byte[],KY1,E0FCA01000,228-102,ShuttleIdle,Transfer,48,IN,01:25,3/27/2025 8:33:48 AM
System.Byte[],KY1,E0FCA01000,228-102,ShuttleActive,Transfer,,,,3/27/2025 8:33:49 AM
System.Byte[],KY1,E0FCA01000,228-102,CarrierDetect-1,Transfer,,,,3/27/2025 8:34:07 AM
System.Byte[],KY1,E0FCA01000,228-011,CarrierDetect-0,Conveyor,,,,3/27/2025 8:34:12 AM
System.Byte[],KY1,E0FCA01000,228-101,CarrierDetect-1,Conveyor,,,,3/27/2025 8:34:52 AM
System.Byte[],KY1,E0FCA01000,228-102,CarrierDetect-0,Transfer,,,,3/27/2025 8:34:54 AM
System.Byte[],KY1,E0FCA01000,228-102,ShuttleIdle,Transfer,49,OUT,01:25,3/27/2025 8:35:14 AM
System.Byte[],KY1,E0FCA01000,228-102,ShuttleActive,Transfer,,,,3/27/2025 8:35:15 AM
System.Byte[],KY1,E0FCA01000,228-102,CarrierDetect-1,Transfer,,,,3/27/2025 8:35:36 AM
System.Byte[],KY1,E0FCA01000,228-101,CarrierDetect-0,Conveyor,,,,3/27/2025 8:35:39 AM
System.Byte[],KY1,E0FCA01000,228-011,CarrierDetect-1,Conveyor,,,,3/27/2025 8:36:17 AM
System.Byte[],KY1,E0FCA01000,228-102,CarrierDetect-0,Transfer,,,,3/27/2025 8:36:22 AM
System.Byte[],KY1,E0FCA01000,228-102,ShuttleIdle,Transfer,50,IN,01:25,3/27/2025 8:36:40 AM
System.Byte[],KY1,E0FCA01000,228-102,ShuttleActive,Transfer,,,,3/27/2025 8:36:41 AM
System.Byte[],KY1,E0FCA01000,228-102,CarrierDetect-1,Transfer,,,,3/27/2025 8:36:59 AM
System.Byte[],KY1,E0FCA01000,228-011,CarrierDetect-0,Conveyor,,,,3/27/2025 8:37:04 AM
System.Byte[],KY1,E0FCA01000,228-101,CarrierDetect-1,Conveyor,,,,3/27/2025 8:37:44 AM
System.Byte[],KY1,E0FCA01000,228-102,CarrierDetect-0,Transfer,,,,3/27/2025 8:37:47 AM
System.Byte[],KY1,E0FCA01000,228-102,ShuttleIdle,Transfer,51,OUT,01:25,3/27/2025 8:38:06 AM
System.Byte[],KY1,E0FCA01000,228-102,ShuttleActive,Transfer,,,,3/27/2025 8:38:08 AM
System.Byte[],KY1,E0FCA01000,228-102,CarrierDetect-1,Transfer,,,,3/27/2025 8:38:27 AM
System.Byte[],KY1,E0FCA01000,228-101,CarrierDetect-0,Conveyor,,,,3/27/2025 8:38:31 AM
System.Byte[],KY1,E0FCA01000,228-011,CarrierDetect-1,Conveyor,,,,3/27/2025 8:39:09 AM
System.Byte[],KY1,E0FCA01000,228-102,CarrierDetect-0,Transfer,,,,3/27/2025 8:39:14 AM
System.Byte[],KY1,E0FCA01000,228-102,ShuttleIdle,Transfer,52,IN,01:24,3/27/2025 8:39:32 AM
System.Byte[],KY1,E0FCA01000,228-102,ShuttleActive,Transfer,,,,3/27/2025 8:39:33 AM
System.Byte[],KY1,E0FCA01000,228-102,CarrierDetect-1,Transfer,,,,3/27/2025 8:39:51 AM
System.Byte[],KY1,E0FCA01000,228-011,CarrierDetect-0,Conveyor,,,,3/27/2025 8:39:56 AM
System.Byte[],KY1,E0FCA01000,228-101,CarrierDetect-1,Conveyor,,,,3/27/2025 8:40:36 AM
System.Byte[],KY1,E0FCA01000,228-102,CarrierDetect-0,Transfer,,,,3/27/2025 8:40:38 AM
System.Byte[],KY1,E0FCA01000,228-102,ShuttleIdle,Transfer,53,OUT,01:26,3/27/2025 8:40:59 AM
System.Byte[],KY1,E0FCA01000,228-102,ShuttleActive,Transfer,,,,3/27/2025 8:40:59 AM
System.Byte[],KY1,E0FCA01000,228-102,CarrierDetect-1,Transfer,,,,3/27/2025 8:41:19 AM
System.Byte[],KY1,E0FCA01000,228-101,CarrierDetect-0,Conveyor,,,,3/27/2025 8:41:23 AM
System.Byte[],KY1,E0FCA01000,228-011,CarrierDetect-1,Conveyor,,,,3/27/2025 8:42:01 AM
System.Byte[],KY1,E0FCA01000,228-102,CarrierDetect-0,Transfer,,,,3/27/2025 8:42:06 AM
System.Byte[],KY1,E0FCA01000,228-102,ShuttleIdle,Transfer,54,IN,01:26,3/27/2025 8:42:25 AM
System.Byte[],KY1,E0FCA01000,228-102,ShuttleActive,Transfer,,,,3/27/2025 8:42:26 AM
System.Byte[],KY1,E0FCA01000,228-102,CarrierDetect-1,Transfer,,,,3/27/2025 8:42:43 AM
System.Byte[],KY1,E0FCA01000,228-011,CarrierDetect-0,Conveyor,,,,3/27/2025 8:42:48 AM
System.Byte[],KY1,E0FCA01000,228-101,CarrierDetect-1,Conveyor,,,,3/27/2025 8:43:28 AM
System.Byte[],KY1,E0FCA01000,228-102,CarrierDetect-0,Transfer,,,,3/27/2025 8:43:30 AM
System.Byte[],KY1,E0FCA01000,228-102,ShuttleIdle,Transfer,55,OUT,01:24,3/27/2025 8:43:50 AM
System.Byte[],KY1,E0FCA01000,228-102,ShuttleActive,Transfer,,,,3/27/2025 8:43:52 AM
System.Byte[],KY1,E0FCA01000,228-102,CarrierDetect-1,Transfer,,,,3/27/2025 8:44:11 AM
System.Byte[],KY1,E0FCA01000,228-101,CarrierDetect-0,Conveyor,,,,3/27/2025 8:44:16 AM
System.Byte[],KY1,E0FCA01000,228-011,CarrierDetect-1,Conveyor,,,,3/27/2025 8:44:53 AM
System.Byte[],KY1,E0FCA01000,228-102,CarrierDetect-0,Transfer,,,,3/27/2025 8:44:58 AM
System.Byte[],KY1,E0FCA01000,228-102,ShuttleActive,Transfer,,,,3/27/2025 8:45:17 AM
System.Byte[],KY1,E0FCA01000,228-102,ShuttleIdle,Transfer,,,,3/27/2025 8:45:17 AM
System.Byte[],KY1,E0FCA01000,228-102,CarrierDetect-1,Transfer,,,,3/27/2025 8:45:35 AM
System.Byte[],KY1,E0FCA01000,228-011,CarrierDetect-0,Conveyor,,,,3/27/2025 8:45:40 AM
System.Byte[],KY1,E0FCA01000,228-101,CarrierDetect-1,Conveyor,,,,3/27/2025 8:46:19 AM
System.Byte[],KY1,E0FCA01000,228-102,CarrierDetect-0,Transfer,,,,3/27/2025 8:46:23 AM
System.Byte[],KY1,E0FCA01000,228-102,ShuttleIdle,Transfer,,,,3/27/2025 8:46:42 AM
System.Byte[],KY1,E0FCA01000,228-102,ShuttleActive,Transfer,,,,3/27/2025 8:46:44 AM
System.Byte[],KY1,E0FCA01000,228-102,CarrierDetect-1,Transfer,,,,3/27/2025 8:47:03 AM
System.Byte[],KY1,E0FCA01000,228-101,CarrierDetect-0,Conveyor,,,,3/27/2025 8:47:07 AM
System.Byte[],KY1,E0FCA01000,228-011,CarrierDetect-1,Conveyor,,,,3/27/2025 8:47:45 AM
System.Byte[],KY1,E0FCA01000,228-102,CarrierDetect-0,Transfer,,,,3/27/2025 8:47:50 AM
System.Byte[],KY1,E0FCA01000,228-102,ShuttleIdle,Transfer,56,IN,01:24,3/27/2025 8:48:08 AM
System.Byte[],KY1,E0FCA01000,228-102,ShuttleActive,Transfer,,,,3/27/2025 8:48:09 AM
System.Byte[],KY1,E0FCA01000,228-102,CarrierDetect-1,Transfer,,,,3/27/2025 8:48:27 AM
System.Byte[],KY1,E0FCA01000,228-011,CarrierDetect-0,Conveyor,,,,3/27/2025 8:48:32 AM
System.Byte[],KY1,E0FCA01000,228-101,CarrierDetect-1,Conveyor,,,,3/27/2025 8:49:11 AM
System.Byte[],KY1,E0FCA01000,228-102,CarrierDetect-0,Transfer,,,,3/27/2025 8:49:15 AM
System.Byte[],KY1,E0FCA01000,228-102,ShuttleIdle,Transfer,57,OUT,01:26,3/27/2025 8:49:35 AM
System.Byte[],KY1,E0FCA01000,228-102,ShuttleActive,Transfer,,,,3/27/2025 8:49:35 AM
System.Byte[],KY1,E0FCA01000,228-102,CarrierDetect-1,Transfer,,,,3/27/2025 8:49:56 AM
System.Byte[],KY1,E0FCA01000,228-101,CarrierDetect-0,Conveyor,,,,3/27/2025 8:49:59 AM
System.Byte[],KY1,E0FCA01000,228-011,CarrierDetect-1,Conveyor,,,,3/27/2025 8:50:37 AM
System.Byte[],KY1,E0FCA01000,228-102,CarrierDetect-0,Transfer,,,,3/27/2025 8:50:42 AM
System.Byte[],KY1,E0FCA01000,228-102,ShuttleIdle,Transfer,58,IN,01:25,3/27/2025 8:51:00 AM
System.Byte[],KY1,E0FCA01000,228-102,ShuttleActive,Transfer,,,,3/27/2025 8:51:02 AM
System.Byte[],KY1,E0FCA01000,228-102,CarrierDetect-1,Transfer,,,,3/27/2025 8:51:19 AM
System.Byte[],KY1,E0FCA01000,228-011,CarrierDetect-0,Conveyor,,,,3/27/2025 8:51:24 AM
System.Byte[],KY1,E0FCA01000,228-101,CarrierDetect-1,Conveyor,,,,3/27/2025 8:52:04 AM
System.Byte[],KY1,E0FCA01000,228-102,CarrierDetect-0,Transfer,,,,3/27/2025 8:52:06 AM
System.Byte[],KY1,E0FCA01000,228-102,ShuttleActive,Transfer,,,,3/27/2025 8:52:27 AM
System.Byte[],KY1,E0FCA01000,228-102,ShuttleIdle,Transfer,,,,3/27/2025 8:52:27 AM
System.Byte[],KY1,E0FCA01000,228-102,CarrierDetect-1,Transfer,,,,3/27/2025 8:52:47 AM
System.Byte[],KY1,E0FCA01000,228-101,CarrierDetect-0,Conveyor,,,,3/27/2025 8:52:51 AM
System.Byte[],KY1,E0FCA01000,228-011,CarrierDetect-1,Conveyor,,,,3/27/2025 8:53:29 AM
System.Byte[],KY1,E0FCA01000,228-102,CarrierDetect-0,Transfer,,,,3/27/2025 8:53:34 AM
System.Byte[],KY1,E0FCA01000,228-102,ShuttleIdle,Transfer,,,,3/27/2025 8:53:52 AM
System.Byte[],KY1,E0FCA01000,228-102,ShuttleActive,Transfer,,,,3/27/2025 8:53:53 AM
System.Byte[],KY1,E0FCA01000,228-102,CarrierDetect-1,Transfer,,,,3/27/2025 8:54:12 AM
System.Byte[],KY1,E0FCA01000,228-011,CarrierDetect-0,Conveyor,,,,3/27/2025 8:54:16 AM
System.Byte[],KY1,E0FCA01000,228-101,CarrierDetect-1,Conveyor,,,,3/27/2025 8:54:55 AM
System.Byte[],KY1,E0FCA01000,228-102,CarrierDetect-0,Transfer,,,,3/27/2025 8:54:59 AM
System.Byte[],KY1,E0FCA01000,228-102,ShuttleIdle,Transfer,59,OUT,01:25,3/27/2025 8:55:18 AM
System.Byte[],KY1,E0FCA01000,228-102,ShuttleActive,Transfer,,,,3/27/2025 8:55:20 AM
System.Byte[],KY1,E0FCA01000,228-102,CarrierDetect-1,Transfer,,,,3/27/2025 8:55:40 AM
System.Byte[],KY1,E0FCA01000,228-101,CarrierDetect-0,Conveyor,,,,3/27/2025 8:55:43 AM
System.Byte[],KY1,E0FCA01000,228-011,CarrierDetect-1,Conveyor,,,,3/27/2025 8:56:21 AM
System.Byte[],KY1,E0FCA01000,228-102,CarrierDetect-0,Transfer,,,,3/27/2025 8:56:26 AM
System.Byte[],KY1,E0FCA01000,228-102,ShuttleIdle,Transfer,60,IN,01:24,3/27/2025 8:56:44 AM
System.Byte[],KY1,E0FCA01000,228-102,ShuttleActive,Transfer,,,,3/27/2025 8:56:45 AM
System.Byte[],KY1,E0FCA01000,228-102,CarrierDetect-1,Transfer,,,,3/27/2025 8:57:03 AM
System.Byte[],KY1,E0FCA01000,228-011,CarrierDetect-0,Conveyor,,,,3/27/2025 8:57:08 AM
System.Byte[],KY1,E0FCA01000,228-101,CarrierDetect-1,Conveyor,,,,3/27/2025 8:57:48 AM
System.Byte[],KY1,E0FCA01000,228-102,CarrierDetect-0,Transfer,,,,3/27/2025 8:57:50 AM
System.Byte[],KY1,E0FCA01000,228-102,ShuttleIdle,Transfer,61,OUT,01:25,3/27/2025 8:58:10 AM
System.Byte[],KY1,E0FCA01000,228-102,ShuttleActive,Transfer,,,,3/27/2025 8:58:11 AM
System.Byte[],KY1,E0FCA01000,228-102,CarrierDetect-1,Transfer,,,,3/27/2025 8:58:32 AM
System.Byte[],KY1,E0FCA01000,228-101,CarrierDetect-0,Conveyor,,,,3/27/2025 8:58:36 AM
System.Byte[],KY1,E0FCA01000,228-011,CarrierDetect-1,Conveyor,,,,3/27/2025 8:59:13 AM
System.Byte[],KY1,E0FCA01000,228-102,CarrierDetect-0,Transfer,,,,3/27/2025 8:59:18 AM
System.Byte[],KY1,E0FCA01000,228-102,ShuttleIdle,Transfer,62,IN,01:25,3/27/2025 8:59:36 AM
System.Byte[],KY1,E0FCA01000,228-102,ShuttleActive,Transfer,,,,3/27/2025 8:59:38 AM
System.Byte[],KY1,E0FCA01000,228-102,CarrierDetect-1,Transfer,,,,3/27/2025 8:59:55 AM
System.Byte[],KY1,E0FCA01000,228-011,CarrierDetect-0,Conveyor,,,,3/27/2025 9:00:00 AM
System.Byte[],KY1,E0FCA01000,228-101,CarrierDetect-1,Conveyor,,,,3/27/2025 9:00:40 AM
System.Byte[],KY1,E0FCA01000,228-102,CarrierDetect-0,Transfer,,,,3/27/2025 9:00:42 AM
System.Byte[],KY1,E0FCA01000,228-102,ShuttleIdle,Transfer,63,OUT,01:24,3/27/2025 9:01:02 AM
System.Byte[],KY1,E0FCA01000,228-102,ShuttleActive,Transfer,,,,3/27/2025 9:01:03 AM
System.Byte[],KY1,E0FCA01000,228-102,CarrierDetect-1,Transfer,,,,3/27/2025 9:01:23 AM
System.Byte[],KY1,E0FCA01000,228-101,CarrierDetect-0,Conveyor,,,,3/27/2025 9:01:27 AM
System.Byte[],KY1,E0FCA01000,228-011,CarrierDetect-1,Conveyor,,,,3/27/2025 9:02:05 AM
System.Byte[],KY1,E0FCA01000,228-102,CarrierDetect-0,Transfer,,,,3/27/2025 9:02:10 AM
System.Byte[],KY1,E0FCA01000,228-102,ShuttleIdle,Transfer,64,IN,01:25,3/27/2025 9:02:28 AM
System.Byte[],KY1,E0FCA01000,228-102,ShuttleActive,Transfer,,,,3/27/2025 9:02:29 AM
System.Byte[],KY1,E0FCA01000,228-102,CarrierDetect-1,Transfer,,,,3/27/2025 9:02:47 AM
System.Byte[],KY1,E0FCA01000,228-011,CarrierDetect-0,Conveyor,,,,3/27/2025 9:02:52 AM
System.Byte[],KY1,E0FCA01000,228-101,CarrierDetect-1,Conveyor,,,,3/27/2025 9:03:31 AM
System.Byte[],KY1,E0FCA01000,228-102,CarrierDetect-0,Transfer,,,,3/27/2025 9:03:34 AM
System.Byte[],KY1,E0FCA01000,228-102,ShuttleActive,Transfer,,,,3/27/2025 9:03:55 AM
System.Byte[],KY1,E0FCA01000,228-102,ShuttleIdle,Transfer,,,,3/27/2025 9:03:55 AM
System.Byte[],KY1,E0FCA01000,228-102,CarrierDetect-1,Transfer,,,,3/27/2025 9:04:16 AM
System.Byte[],KY1,E0FCA01000,228-101,CarrierDetect-0,Conveyor,,,,3/27/2025 9:04:19 AM
System.Byte[],KY1,E0FCA01000,228-011,CarrierDetect-1,Conveyor,,,,3/27/2025 9:04:58 AM
System.Byte[],KY1,E0FCA01000,228-102,CarrierDetect-0,Transfer,,,,3/27/2025 9:05:02 AM
System.Byte[],KY1,E0FCA01000,228-102,ShuttleIdle,Transfer,,,,3/27/2025 9:05:20 AM
System.Byte[],KY1,E0FCA01000,228-102,ShuttleActive,Transfer,,,,3/27/2025 9:05:21 AM
System.Byte[],KY1,E0FCA01000,228-102,CarrierDetect-1,Transfer,,,,3/27/2025 9:05:39 AM
System.Byte[],KY1,E0FCA01000,228-011,CarrierDetect-0,Conveyor,,,,3/27/2025 9:05:44 AM
System.Byte[],KY1,E0FCA01000,228-101,CarrierDetect-1,Conveyor,,,,3/27/2025 9:06:24 AM
System.Byte[],KY1,E0FCA01000,228-102,CarrierDetect-0,Transfer,,,,3/27/2025 9:06:26 AM
System.Byte[],KY1,E0FCA01000,228-102,ShuttleIdle,Transfer,65,OUT,01:25,3/27/2025 9:06:46 AM
System.Byte[],KY1,E0FCA01000,228-102,ShuttleActive,Transfer,,,,3/27/2025 9:06:48 AM
System.Byte[],KY1,E0FCA01000,228-102,CarrierDetect-1,Transfer,,,,3/27/2025 9:07:08 AM
System.Byte[],KY1,E0FCA01000,228-101,CarrierDetect-0,Conveyor,,,,3/27/2025 9:07:11 AM
System.Byte[],KY1,E0FCA01000,228-011,CarrierDetect-1,Conveyor,,,,3/27/2025 9:07:49 AM
System.Byte[],KY1,E0FCA01000,228-102,CarrierDetect-0,Transfer,,,,3/27/2025 9:07:54 AM
System.Byte[],KY1,E0FCA01000,228-102,ShuttleIdle,Transfer,66,IN,01:25,3/27/2025 9:08:13 AM
System.Byte[],KY1,E0FCA01000,228-102,ShuttleActive,Transfer,,,,3/27/2025 9:08:13 AM
System.Byte[],KY1,E0FCA01000,228-102,CarrierDetect-1,Transfer,,,,3/27/2025 9:08:32 AM
System.Byte[],KY1,E0FCA01000,228-011,CarrierDetect-0,Conveyor,,,,3/27/2025 9:08:36 AM
System.Byte[],KY1,E0FCA01000,228-101,CarrierDetect-1,Conveyor,,,,3/27/2025 9:09:15 AM
System.Byte[],KY1,E0FCA01000,228-102,CarrierDetect-0,Transfer,,,,3/27/2025 9:09:19 AM
System.Byte[],KY1,E0FCA01000,228-102,ShuttleIdle,Transfer,67,OUT,01:25,3/27/2025 9:09:38 AM
System.Byte[],KY1,E0FCA01000,228-102,ShuttleActive,Transfer,,,,3/27/2025 9:09:39 AM
System.Byte[],KY1,E0FCA01000,228-102,CarrierDetect-1,Transfer,,,,3/27/2025 9:09:59 AM
